"","studyID","initial_temp_row","final_temp_row","initial_temp","final_temp","initial_mass_grams","final_mass_grams","temp_diff","species","Class","exponent","Ea","initial_mass","final_mass","initial_metrate","final_metrate","constantmass_metrate","constantmetrate_mass"
"1","AP85A",1,2,5,8,0.030566,0.028755,3,"Acanthocyclops vernalis ","Maxillopoda",0.694123205256334,-0.678814887911957,30566,28755,6.50786355116822e-10,8.43862974212008e-10,8.80407461123986e-10,19776.8876283509
"13","AP85A",4,5,12,15,0.024453,0.023547,3,"Acanthocyclops vernalis ","Maxillopoda",0.694123205256334,-0.678814887911957,24453,23547,1.11716304784528e-09,1.45093738125599e-09,1.48946363824228e-09,16157.4822565976
"16","AP85B",7,8,5,8,0.05366,0.049811,3,"Acanthocyclops viridus ","Maxillopoda",0.694123205256334,-0.678814887911957,53660,49811,9.61812729885949e-10,1.23565713426099e-09,1.30117525811311e-09,34719.2236516819
"28","AP85B",10,11,12,15,0.04234,0.041434,3,"Acanthocyclops viridus ","Maxillopoda",0.694123205256334,-0.678814887911957,42340,41434,1.63534172790117e-09,2.14783677410552e-09,2.18032814861456e-09,27976.4363777182
"31","H09A",13,14,6,9,0.004498,0.004592,3,"Acartia tonsa ","Maxillopoda",0.694123205256334,-0.678814887911957,4498,4592,1.90474865217425e-10,2.60846015548613e-10,2.57127954709548e-10,2919.33459762722
"40","LTQ06A",18,19,15,18,0.004608,0.003926,3,"Acartia tonsa ","Maxillopoda",0.694123205256334,-0.678814887911957,4608,3926,4.67644410322687e-10,5.54587612717453e-10,6.19804728162002e-10,3070.87813575269
"43","BK86A",21,22,25,28,61,48,3,"Acheta domesticus ","Insecta",0.75,-0.62,6.1e+07,4.8e+07,2.28256294377018e-05,2.42527974193206e-05,2.90287468060322e-05,44271319.7186859
"53","LM87A",26,27,24.5,27.5,0.486,0.451,3,"Acyrthosiphon pisum ","Insecta",0.75,-0.62,486000,451000,5.84516874993109e-07,7.03407655930319e-07,7.43963941145528e-07,352340.980872777
"63","LM87B",31,32,24.5,27.5,0.375,0.246,3,"Acyrthosiphon pisum ","Insecta",0.75,-0.62,375000,246000,4.81219594268769e-07,4.46453276739388e-07,6.12488777014121e-07,271868.040796896
"73","LM87C",36,37,24.5,27.5,0.491,0.316,3,"Acyrthosiphon pisum ","Insecta",0.75,-0.62,491000,316000,5.8902126068167e-07,5.38691343179221e-07,7.49697052836001e-07,355965.888083402
"83","LM87D",41,42,24.5,27.5,0.481,0.317,3,"Acyrthosiphon pisum ","Insecta",0.75,-0.62,481000,317000,5.80000888808245e-07,5.39969377673817e-07,7.38216064524704e-07,348716.073662151
"93","LM87E",46,47,24.5,27.5,0.492,0.329,3,"Acyrthosiphon pisum ","Insecta",0.75,-0.62,492000,329000,5.89920758797698e-07,5.55228317816702e-07,7.50841919976852e-07,356690.869525527
"103","ML88A",51,52,25,28,1.78,1.68,3,"Acyrthosiphon pisum ","Insecta",0.75,-0.62,1780000,1680000,1.61153739626574e-06,1.96251449200546e-06,2.04949051557725e-06,1291851.62457805
"113","ML88B",56,57,25,28,2.31,1.61,3,"Acyrthosiphon pisum ","Insecta",0.75,-0.62,2310000,1610000,1.9594508355718e-06,1.90086081537383e-06,2.49195328172334e-06,1676504.07459286
"123","ML88C",61,62,25,28,1.99,1.65,3,"Acyrthosiphon pisum ","Insecta",0.75,-0.62,1990000,1650000,1.75212543225139e-06,1.9361717058921e-06,2.22828490596736e-06,1444261.08590467
"128","VDH63A",66,68,17,20,1.198,1.128,3,"Aedes aegypti  ","Insecta",0.75,-0.62,1198000,1128000,6.15599370680584e-07,7.58401754528444e-07,7.93432741343255e-07,854097.69633454
"151","VDH63A",69,70,22,25,1.011,0.862,3,"Aedes aegypti  ","Insecta",0.75,-0.62,1011000,862000,8.25013024673156e-07,9.3552594334556e-07,1.05435959080222e-06,728977.110041897
"158","VDH63A",70,72,25,28,0.862,0.7,3,"Aedes aegypti  ","Insecta",0.75,-0.62,862000,7e+05,9.3552594334556e-07,1.01778123898462e-06,1.18976547016909e-06,625604.550778808
"184","BTB97A",88,89,12,15,293.84,344.871,3,"Aglais urticae","Insecta",0.75,-0.62,293840000,344871000,2.47001023790679e-05,3.62200036601996e-05,3.21210082631446e-05,207009540.330041
"203","F11A",99,100,20,23,40.06,65.25,3,"Artemia salina  ","Branchiopoda",0.787051950729314,-0.310182207536693,40060000,65250000,4.47640770182056,7.44223286444763,5.06933387565636,34203729.763219
"212","F11A",101,102,25,28,52.29,54.08,3,"Artemia salina  ","Branchiopoda",0.787051950729314,-0.310182207536693,52290000,54080000,6.78311340043917,7.85538872356936,7.6500191654463,44879984.4801536
"217","F11A",103,104,30,33,39.94,43.81,3,"Artemia salina  ","Branchiopoda",0.787051950729314,-0.310182207536693,39940000,43810000,6.69602509919341,8.09025295297261,7.52228887507211,34451070.7971189
"229","MC08A",118,119,26,29,48.1,47.216,3,"Cactoblastis cactorum","Insecta",0.75,-0.62,48100000,47216000,2.07046887698348e-05,2.59262034181747e-05,2.62894098669962e-05,34983417.6870673
"233","U88A",123,124,10,13,0.08708,0.068255,3,"Calanus sinicus  ","Maxillopoda",0.694123205256334,-0.678814887911957,87080,68255,2.2194190595123e-09,2.50892166293667e-09,2.9710789704403e-09,57203.4427532319
"240","U88A",125,126,15,18,0.070434,0.069339,3,"Calanus sinicus  ","Maxillopoda",0.694123205256334,-0.678814887911957,70434,69339,3.10416611927302e-09,4.06968444950575e-09,4.11418760762716e-09,46938.8521296886
"263","FAL02A",146,147,15,18,4.275,3.25,3,"Chironomus crassicaudatus  ","Insecta",0.75,-0.62,4275000,3250000,1.34557550292397e-06,1.41696052467558e-06,1.74039296812195e-06,3033545.09338662
"276","FAL02A",148,149,20,23,3.134,2.979,3,"Chironomus crassicaudatus  ","Insecta",0.75,-0.62,3134000,2979000,1.63208114835088e-06,2.01464921021189e-06,2.09276664394231e-06,2249711.96047142
"285","FAL02A",150,151,25,28,2.585,2.254,3,"Chironomus crassicaudatus  ","Insecta",0.75,-0.62,2585000,2254000,2.13191947442392e-06,2.44650633647578e-06,2.71129218157202e-06,1876087.89299677
"290","FAL02A",152,153,30,33,2.113,1.946,3,"Chironomus crassicaudatus  ","Insecta",0.75,-0.62,2113000,1946000,2.72873404836417e-06,3.23705601735092e-06,3.44324329758591e-06,1549616.25221658
"297","O09A",158,159,17,20,0.377,0.355,3,"Chironomus riparius","Insecta",0.75,-0.62,377000,355000,2.58649454199387e-07,3.1866823071149e-07,3.33367698647045e-07,268776.987911621
"299","O09A",159,160,20,23,0.355,0.317,3,"Chironomus riparius","Insecta",0.75,-0.62,355000,317000,3.1866823071149e-07,3.75353964413064e-07,4.08618311896427e-07,254833.35863668
"324","MR83A",180,181,17,20,0.129375,0.116902,3,"Culicoides variipennis  ","Insecta",0.75,-0.62,129375,116902,1.15969377441952e-07,1.38526850475074e-07,1.49470427420858e-07,92236.1347773632
"328","MR83A",181,182,20,23,0.116902,0.118149,3,"Culicoides variipennis  ","Insecta",0.75,-0.62,116902,118149,1.38526850475074e-07,1.79047844941415e-07,1.77628650546911e-07,83916.9839192821
"333","MR83A",183,184,27,30,0.101933,0.096944,3,"Culicoides variipennis  ","Insecta",0.75,-0.62,101933,96944,2.21562915060379e-07,2.7050624043497e-07,2.80881212853948e-07,74292.8999733595
"341","C33B",191,192,8.5,11.5,1.337847982,1.243117148,3,"Cyclops vernalis","Maxillopoda",0.694123205256334,-0.678814887911957,1337847.982,1243117.148,1.27484975300446e-08,1.62682468709943e-08,1.71190481302302e-08,874926.910397917
"346","C33B",192,193,11.5,14.5,1.243117148,1.017867687,3,"Cyclops vernalis","Maxillopoda",0.694123205256334,-0.678814887911957,1243117.148,1017867.687,1.62682468709943e-08,1.88984740469084e-08,2.17115596333006e-08,820208.252920226
"401","dJ10A",224,227,15,18,0.42,0.432,3,"Drosophila aldrichi  ","Insecta",0.75,-0.62,420000,432000,2.36125532543493e-07,3.11930643184732e-07,3.05409258372896e-07,298032.500402896
"425","dJ10A",228,229,22,25,0.4,0.337,3,"Drosophila aldrichi  ","Insecta",0.75,-0.62,4e+05,337000,4.11568787826117e-07,4.62538419254008e-07,5.25981391495272e-07,288418.243340018
"429","dJ10A",229,230,25,28,0.337,0.323,3,"Drosophila aldrichi  ","Insecta",0.75,-0.62,337000,323000,4.62538419254008e-07,5.69813589975186e-07,5.88238352735602e-07,244580.897462248
"447","D97A",236,237,25,28,1.487,1.438,3,"Drosophila ananassae  ","Insecta",0.75,-0.62,1487000,1438000,1.40818142899997e-06,1.74642554699358e-06,1.79087031404609e-06,1079204.13806043
"449","D97A",237,238,28,31,1.438,1.3,3,"Drosophila ananassae  ","Insecta",0.75,-0.62,1438000,1300000,1.74642554699358e-06,2.04943586106514e-06,2.21052780250365e-06,1050262.06256449
"452","dJ10B",239,242,15,18,0.446,0.418,3,"Drosophila buzzatii  ","Insecta",0.75,-0.62,446000,418000,2.47005786065937e-07,3.04317860475524e-07,3.194819853813e-07,316482.131380218
"476","dJ10B",243,244,22,25,0.379,0.353,3,"Drosophila buzzatii  ","Insecta",0.75,-0.62,379000,353000,3.95254520559214e-07,4.7891276752299e-07,5.05131897432334e-07,273276.285564667
"480","dJ10B",244,245,25,28,0.353,0.351,3,"Drosophila buzzatii  ","Insecta",0.75,-0.62,353000,351000,4.7891276752299e-07,6.06472689318267e-07,6.09062611331028e-07,256193.046896658
"486","R60B",248,249,16,19,0.57,0.58,3,"Drosophila equinoxialis  ","Insecta",0.75,-0.62,570000,580000,3.23680224996395e-07,4.23401779398226e-07,4.17914871171412e-07,405426.978563872
"492","D97D",252,253,12,15,1.759,1.869,3,"Drosophila kikkawai  ","Insecta",0.75,-0.62,1759000,1869000,5.31575487879363e-07,7.23457392333286e-07,6.91282180802947e-07,1239211.07214995
"514","D97D",256,257,25,28,1.545,1.371,3,"Drosophila kikkawai  ","Insecta",0.75,-0.62,1545000,1371000,1.44917805547179e-06,1.68503529552205e-06,1.84300822739477e-06,1121298.17976016
"518","D97D",257,259,28,31,1.371,1.264,3,"Drosophila kikkawai  ","Insecta",0.75,-0.62,1371000,1264000,1.68503529552205e-06,2.00672158656306e-06,2.1328234549498e-06,1001327.7383699
"527","D94A",263,264,14,17,1.5207,1.50866,3,"Drosophila melanogaster  ","Insecta",0.75,-0.62,1520700,1508660,5.6816356950651e-07,7.318112566622e-07,7.36187116860306e-07,1076524.14038563
"539","D94A",266,267,25,28,1.27042,1.17425,3,"Drosophila melanogaster  ","Insecta",0.75,-0.62,1270420,1174250,1.2513703996253e-06,1.50020751892747e-06,1.5914441523039e-06,922019.180278901
"541","D94A",267,268,28,31,1.17425,1.07387,3,"Drosophila melanogaster  ","Insecta",0.75,-0.62,1174250,1073870,1.50020751892747e-06,1.77578588428413e-06,1.89887879035153e-06,857628.808738769
"568","DC67A",273,274,25,28,1.01046,0.96578,3,"Drosophila melanogaster  ","Insecta",0.75,-0.62,1010460,965780,1.05393719302718e-06,1.2956555710932e-06,1.34035628718796e-06,733350.782343334
"573","DC67A",274,276,28,31,0.96578,0.8286,3,"Drosophila melanogaster  ","Insecta",0.75,-0.62,965780,828600,1.2956555710932e-06,1.46196007898594e-06,1.6399683727146e-06,705370.024188825
"584","DLM06A",279,280,14,17,1.5199,1.50854,3,"Drosophila melanogaster  ","Insecta",0.75,-0.62,1519900,1508540,5.67939382905731e-07,7.31767599597009e-07,7.35896631345e-07,1075957.80954305
"596","DLM06A",282,283,25,28,1.26999,1.17154,3,"Drosophila melanogaster  ","Insecta",0.75,-0.62,1269990,1171540,1.25105272198268e-06,1.49761007182474e-06,1.59104014224675e-06,921707.103762851
"598","DLM06A",283,284,28,31,1.17154,1.07309,3,"Drosophila melanogaster  ","Insecta",0.75,-0.62,1171540,1073090,1.49761007182474e-06,1.77481842165839e-06,1.89559108705035e-06,855649.524879555
"605","DLM06B",286,287,14,17,1.55019,1.51611,3,"Drosophila melanogaster  ","Insecta",0.75,-0.62,1550190,1516110,5.76407233460246e-07,7.34519936260563e-07,7.46868687316747e-07,1097400.51107016
"617","DLM06B",289,290,25,28,1.24349,1.1829,3,"Drosophila melanogaster  ","Insecta",0.75,-0.62,1243490,1182900,1.23142256926127e-06,1.50848826143774e-06,1.56607527831304e-06,902474.481262111
"619","DLM06B",290,291,28,31,1.1829,1.06931,3,"Drosophila melanogaster  ","Insecta",0.75,-0.62,1182900,1069310,1.50848826143774e-06,1.77012745539441e-06,1.90936009118674e-06,863946.449101205
"626","DLM06C",293,294,14,17,1.51611,1.51611,3,"Drosophila melanogaster  ","Insecta",0.75,-0.62,1516110,1516110,5.66876897600865e-07,7.34519936260563e-07,7.34519936260563e-07,1073274.81717633
"638","DLM06C",296,297,25,28,1.25863,1.16397,3,"Drosophila melanogaster  ","Insecta",0.75,-0.62,1258630,1163970,1.24265034729341e-06,1.49034649795195e-06,1.58035432926227e-06,913462.477664421
"640","DLM06C",297,298,28,31,1.16397,1.05795,3,"Drosophila melanogaster  ","Insecta",0.75,-0.62,1163970,1057950,1.49034649795195e-06,1.75600470081115e-06,1.88639726139946e-06,850120.676608614
"648","DLM06D",300,301,14,17,1.7344,1.73745,3,"Drosophila melanogaster  ","Insecta",0.75,-0.62,1734400,1737450,6.27050722551308e-07,8.1356037943549e-07,8.12489023119125e-07,1227805.2667093
"664","DLM06D",303,305,25,28,1.53272,1.42882,3,"Drosophila melanogaster  ","Insecta",0.75,-0.62,1532720,1428820,1.44053065447117e-06,1.73805714604201e-06,1.83201079948758e-06,1112385.85506925
"668","DLM06D",305,306,28,31,1.42882,1.29743,3,"Drosophila melanogaster  ","Insecta",0.75,-0.62,1428820,1297430,1.73805714604201e-06,2.04639642675434e-06,2.19993554851504e-06,1043557.32978678
"675","K98A",308,309,14,17,1.0263,1.0335,3,"Drosophila melanogaster  ","Insecta",0.75,-0.62,1026300,1033500,4.23054647761209e-07,5.51046710723608e-07,5.48164997062713e-07,726531.679672367
"687","K98A",311,312,25,28,0.8676,0.7903,3,"Drosophila melanogaster  ","Insecta",0.75,-0.62,867600,790300,9.40080498791885e-07,1.11474336886615e-06,1.19555777645472e-06,629668.803080851
"689","K98A",312,313,28,31,0.7903,0.7223,3,"Drosophila melanogaster  ","Insecta",0.75,-0.62,790300,722300,1.11474336886615e-06,1.31890959623265e-06,1.41097982320358e-06,577205.91658186
"696","K98B",315,316,14,17,1.0205,1.0393,3,"Drosophila melanogaster  ","Insecta",0.75,-0.62,1020500,1039300,4.21260249625334e-07,5.53364442294995e-07,5.45839939876634e-07,722425.781063675
"708","K98B",318,319,25,28,0.9023,0.8447,3,"Drosophila melanogaster  ","Insecta",0.75,-0.62,902300,844700,9.68140981430872e-07,1.1718115700964e-06,1.23124400574383e-06,654852.652166726
"710","K98B",319,320,28,31,0.8447,0.7466,3,"Drosophila melanogaster  ","Insecta",0.75,-0.62,844700,746600,1.1718115700964e-06,1.35205016717022e-06,1.48321356123809e-06,616937.666375676
"738","P01A",328,329,18,21,0.553386,0.508686,3,"Drosophila melanogaster  ","Insecta",0.75,-0.62,553386,508686,3.75592019994283e-07,4.53672638781227e-07,4.83255020427982e-07,395440.80093907
"751","P01A",331,333,28,31,0.389152,0.325652,3,"Drosophila melanogaster  ","Insecta",0.75,-0.62,389152,325652,6.5527011464125e-07,7.25674946051906e-07,8.29404270372575e-07,284222.240730943
"774","P01B",337,338,18,21,0.526595,0.488051,3,"Drosophila melanogaster  ","Insecta",0.75,-0.62,526595,488051,3.61870165458589e-07,4.39798915270855e-07,4.65599812806537e-07,376296.38005029
"787","P01B",340,342,28,31,0.395921,0.340209,3,"Drosophila melanogaster  ","Insecta",0.75,-0.62,395921,340209,6.63800101434783e-07,7.49870322260392e-07,8.4020105068454e-07,289166.068200692
"796","TM61A",344,345,15,18,1.18321,1.17948,3,"Drosophila melanogaster  ","Insecta",0.75,-0.62,1183210,1179480,5.134549631988e-07,6.62541621773024e-07,6.64112422867883e-07,839607.225718358
"807","TM61A",346,347,22,25,0.99888,0.89986,3,"Drosophila melanogaster  ","Insecta",0.75,-0.62,998880,899860,8.17584080226304e-07,9.66176781552637e-07,1.04486546332444e-06,720238.037268694
"811","TM61A",347,348,25,28,0.89986,0.81665,3,"Drosophila melanogaster  ","Insecta",0.75,-0.62,899860,816650,9.66176781552637e-07,1.14250441222779e-06,1.22874601281455e-06,653081.799377979
"815","TM61A",348,350,28,31,0.81665,0.67788,3,"Drosophila melanogaster  ","Insecta",0.75,-0.62,816650,677880,1.14250441222779e-06,1.25759682597026e-06,1.44611819957641e-06,596450.98288824
"824","TM61B",352,353,15,18,1.14878,1.1053,3,"Drosophila melanogaster  ","Insecta",0.75,-0.62,1148780,1105300,5.02208006380784e-07,6.3103777570989e-07,6.49565394836895e-07,815175.656697235
"835","TM61B",354,355,22,25,0.94324,0.84685,3,"Drosophila melanogaster  ","Insecta",0.75,-0.62,943240,846850,7.83184521042787e-07,9.23166964935692e-07,1.00090312084036e-06,680119.059620098
"839","TM61B",355,356,25,28,0.84685,0.77689,3,"Drosophila melanogaster  ","Insecta",0.75,-0.62,846850,776890,9.23166964935692e-07,1.10052663955283e-06,1.17404780262259e-06,614609.296783101
"843","TM61B",356,358,28,31,0.77689,0.61165,3,"Drosophila melanogaster  ","Insecta",0.75,-0.62,776890,611650,1.10052663955283e-06,1.16427092491155e-06,1.39298508219565e-06,567411.748112465
"852","TM61C",360,361,15,18,1.11164,1.08676,3,"Drosophila melanogaster  ","Insecta",0.75,-0.62,1111640,1086760,4.89980850019274e-07,6.23082371853608e-07,6.33750558058537e-07,788821.068447321
"863","TM61C",362,363,22,25,0.94057,0.87863,3,"Drosophila melanogaster  ","Insecta",0.75,-0.62,940570,878630,7.81521230060938e-07,9.49029925220419e-07,9.98777449188444e-07,678193.867845803
"867","TM61C",363,364,25,28,0.87863,0.75303,3,"Drosophila melanogaster  ","Insecta",0.75,-0.62,878630,753030,9.49029925220419e-07,1.07507835956679e-06,1.2069393085418e-06,637673.928597197
"871","TM61C",364,366,28,31,0.75303,0.64345,3,"Drosophila melanogaster  ","Insecta",0.75,-0.62,753030,643450,1.07507835956679e-06,1.20938038618835e-06,1.36077407238085e-06,549985.285794809
"880","TM61D",368,369,15,18,1.1302,1.1053,3,"Drosophila melanogaster  ","Insecta",0.75,-0.62,1130200,1105300,4.96103692881202e-07,6.3103777570989e-07,6.41669959562695e-07,801991.266560364
"891","TM61D",370,371,22,25,0.96974,0.83622,3,"Drosophila melanogaster  ","Insecta",0.75,-0.62,969740,836220,7.99629707730201e-07,9.1446228573157e-07,1.02191992880321e-06,699226.768241374
"895","TM61D",371,372,25,28,0.83622,0.84581,3,"Drosophila melanogaster  ","Insecta",0.75,-0.62,836220,845810,9.1446228573157e-07,1.17296626759751e-06,1.16297753052632e-06,606894.475002615
"899","TM61D",372,374,28,31,0.84581,0.72289,3,"Drosophila melanogaster  ","Insecta",0.75,-0.62,845810,722890,1.17296626759751e-06,1.3197175125094e-06,1.48467511276778e-06,617748.369358602
"908","TM61E",376,377,15,18,1.10103,1.10003,3,"Drosophila melanogaster  ","Insecta",0.75,-0.62,1101030,1100030,4.86469197892714e-07,6.28779867197163e-07,6.29208520354762e-07,781292.199806191
"919","TM61E",378,379,22,25,0.95121,0.85213,3,"Drosophila melanogaster  ","Insecta",0.75,-0.62,951210,852130,7.88142493791988e-07,9.27480479044317e-07,1.00723936761795e-06,685865.793118647
"923","TM61E",379,380,25,28,0.85213,0.76366,3,"Drosophila melanogaster  ","Insecta",0.75,-0.62,852130,763660,9.27480479044317e-07,1.08644049190325e-06,1.17953356191985e-06,618441.306096456
"927","TM61E",380,382,28,31,0.76366,0.62758,3,"Drosophila melanogaster  ","Insecta",0.75,-0.62,763660,627580,1.08644049190325e-06,1.18693965092797e-06,1.37515562415596e-06,557749.044991653
"929","R60C",383,384,13,16,1.24,1.2,3,"Drosophila persimilis  ","Insecta",0.75,-0.62,1240000,1200000,4.46660733655451e-07,5.65712741065477e-07,5.79797434610629e-07,875703.325931217
"932","R60C",384,385,16,19,1.2,1.13,3,"Drosophila persimilis  ","Insecta",0.75,-0.62,1200000,1130000,5.65712741065477e-07,6.98217156930332e-07,7.30411526700583e-07,853530.481187099
"935","D62A",387,388,16,19,2.35725,2.2305,3,"Drosophila pseudoobscura  ","Insecta",0.75,-0.62,2357250,2230500,9.38672854910069e-07,1.16274198461013e-06,1.21195338774932e-06,1676653.93898191
"938","R60D",390,391,13,16,1.28,1.27,3,"Drosophila pseudoobscura  ","Insecta",0.75,-0.62,1280000,1270000,4.57424043165335e-07,5.90286452924188e-07,5.93768976704061e-07,903951.820316095
"941","R60D",391,392,16,19,1.27,1.08,3,"Drosophila pseudoobscura  ","Insecta",0.75,-0.62,1270000,1080000,5.90286452924188e-07,6.74915652473769e-07,7.62139506455141e-07,903319.759256346
"950","D97C",395,396,14,17,1.52,1.481,3,"Drosophila simulans  ","Insecta",0.75,-0.62,1520000,1481000,5.67967407843827e-07,7.21725163443075e-07,7.35932944124426e-07,1076028.60089837
"962","D97C",398,399,25,28,1.273,1.2,3,"Drosophila simulans  ","Insecta",0.75,-0.62,1273000,1200000,1.2532759013984e-06,1.52481391191909e-06,1.59386749526847e-06,923891.6393752
"964","D97C",399,400,28,31,1.2,1.087,3,"Drosophila simulans  ","Insecta",0.75,-0.62,1200000,1087000,1.52481391191909e-06,1.79204526426116e-06,1.9300241866846e-06,876435.65721654
"983","P01C",404,405,18,21,0.53,0.471,3,"Drosophila simulans  ","Insecta",0.75,-0.62,530000,471000,3.6362365914404e-07,4.28223926179765e-07,4.67855943346254e-07,378729.538690366
"1011","P01D",412,413,18,21,0.507,0.448,3,"Drosophila simulans  ","Insecta",0.75,-0.62,507000,448000,3.51723349309182e-07,4.12442830965935e-07,4.52544424021559e-07,362294.105879275
"1027","TM61F",418,419,15,18,1.04,0.95,3,"Drosophila simulans  ","Insecta",0.75,-0.62,1040000,950000,4.66102022146419e-07,5.63297643706996e-07,6.02865227561212e-07,737985.239092885
"1036","TM61F",420,421,22,25,0.947,0.754,3,"Drosophila simulans  ","Insecta",0.75,-0.62,947000,754000,7.85524839176181e-07,8.46162735962669e-07,1.00389402740265e-06,682830.191107494
"1039","TM61F",421,422,25,28,0.754,0.645,3,"Drosophila simulans  ","Insecta",0.75,-0.62,754000,645000,8.46162735962669e-07,9.57195607759382e-07,1.07611682236408e-06,547222.542096544
"1048","TM61G",425,426,15,18,1.032,0.937,3,"Drosophila simulans  ","Insecta",0.75,-0.62,1032000,937000,4.6341037807023e-07,5.57506485309427e-07,5.99383803878403e-07,732308.429561401
"1057","TM61G",427,428,22,25,0.939,0.762,3,"Drosophila simulans  ","Insecta",0.75,-0.62,939000,762000,7.80542639003953e-07,8.52887235453761e-07,9.97526818185601e-07,677061.826240693
"1060","TM61G",428,429,25,28,0.762,0.667,3,"Drosophila simulans  ","Insecta",0.75,-0.62,762000,667000,8.52887235453761e-07,9.81579063512674e-07,1.08466877899937e-06,553028.616813749
"1069","TM61H",432,433,15,18,1.014,0.908,3,"Drosophila simulans  ","Insecta",0.75,-0.62,1014000,908000,4.57335010012948e-07,5.4451471041494e-07,5.91525807190242e-07,719535.608115563
"1078","TM61H",434,435,22,25,0.932,0.738,3,"Drosophila simulans  ","Insecta",0.75,-0.62,932000,738000,7.76174503418271e-07,8.32659914457205e-07,9.91944378259258e-07,672014.506982243
"1081","TM61H",435,436,25,28,0.738,0.653,3,"Drosophila simulans  ","Insecta",0.75,-0.62,738000,653000,8.32659914457205e-07,9.66086018920845e-07,1.05894445970399e-06,535610.392662135
"1090","TM61I",439,440,15,18,1.027,1.014,3,"Drosophila simulans  ","Insecta",0.75,-0.62,1027000,1014000,4.61725452209608e-07,5.91525807190242e-07,5.97204488698198e-07,728760.423604224
"1099","TM61I",441,442,22,25,0.902,0.73,3,"Drosophila simulans  ","Insecta",0.75,-0.62,902000,730000,7.57359960354971e-07,8.25881107081042e-07,9.67899553108515e-07,650383.138731742
"1102","TM61I",442,443,25,28,0.73,0.677,3,"Drosophila simulans  ","Insecta",0.75,-0.62,730000,677000,8.25881107081042e-07,9.92595752994858e-07,1.05032343641495e-06,529804.31794493
"1111","TM61J",446,447,15,18,1.006,0.921,3,"Drosophila simulans  ","Insecta",0.75,-0.62,1006000,921000,4.54626208119504e-07,5.50351244976705e-07,5.88022191260002e-07,713858.798584079
"1120","TM61J",448,449,22,25,0.908,0.82,3,"Drosophila simulans  ","Insecta",0.75,-0.62,908000,820000,7.61135230692048e-07,9.01126529088316e-07,9.72724316316763e-07,654709.412381842
"1123","TM61J",449,450,25,28,0.82,0.698,3,"Drosophila simulans  ","Insecta",0.75,-0.62,820000,698000,9.01126529088316e-07,1.01559949934381e-06,1.14601763445333e-06,595122.658513483
"1128","D97B",452,455,6,9,1.93,2.095,3,"Drosophila subobscura  ","Insecta",0.75,-0.62,1930000,2095000,3.31318739446484e-07,4.63433054181592e-07,4.35779672059256e-07,1339253.17871755
"1139","D97B",453,456,7,10,2.043,2.113,3,"Drosophila subobscura  ","Insecta",0.75,-0.62,2043000,2113000,3.79084634002372e-07,5.10371956633439e-07,4.97637907665071e-07,1421342.25473691
"1157","D97B",455,457,9,12,2.095,2.104,3,"Drosophila subobscura  ","Insecta",0.75,-0.62,2095000,2104000,4.63433054181592e-07,6.07994805006252e-07,6.06043206514243e-07,1464969.51058924
"1177","D97B",458,459,14,17,2.052,1.957,3,"Drosophila subobscura  ","Insecta",0.75,-0.62,2052000,1957000,7.11334284857786e-07,8.89505571945585e-07,9.21697842662087e-07,1452638.6112128
"1192","R60F",464,465,16,19,0.67,0.63,3,"Drosophila willistoni  ","Insecta",0.75,-0.62,670000,630000,3.65397967746753e-07,4.5049201323218e-07,4.71778109456272e-07,476554.518662797
"1255","VHL05A",505,506,22,25,0.567,1.01,3,"Farfantepenaeus californiensis  ","Malacostraca",0.747524706865245,-0.514420148668963,567000,1010000,3.286408154432e-05,6.20214449080653e-05,4.02817930948959e-05,431860.113221978
"1258","VHL05A",506,507,25,28,1.01,0.828,3,"Farfantepenaeus californiensis  ","Malacostraca",0.747524706865245,-0.514420148668963,1010000,828000,6.20214449080653e-05,6.52624685710101e-05,7.57126032997851e-05,773458.787578404
"1261","SVE96A",509,510,13,16,0.093425,0.096308,3,"Folsomia candida  ","Entognatha",0.75,-0.63,93425,96308,4.28181975420663e-08,5.71023175075164e-08,5.58154321164225e-08,65608.7696119907
"1264","SVE96A",510,511,16,19,0.096308,0.090933,3,"Folsomia candida  ","Entognatha",0.75,-0.63,96308,90933,5.71023175075164e-08,7.09103492687174e-08,7.40312799510683e-08,68126.121692022
"1266","SVE96A",511,512,19,22,0.090933,0.080339,3,"Folsomia candida  ","Entognatha",0.75,-0.63,90933,80339,7.09103492687174e-08,8.33359778500989e-08,9.14489785497666e-08,64778.2493174927
"1267","SVE96B",513,514,13,16,0.06386,0.064569,3,"Folsomia candida  ","Entognatha",0.75,-0.63,63860,64569,3.21886481149592e-08,4.230824462432e-08,4.19593398814801e-08,44846.4118535908
"1270","SVE96B",514,515,16,19,0.064569,0.050497,3,"Folsomia candida  ","Entognatha",0.75,-0.63,64569,50497,4.230824462432e-08,4.56160491915399e-08,5.48512501547601e-08,45674.6641144263
"1272","SVE96B",515,516,19,22,0.050497,0.042514,3,"Folsomia candida  ","Entognatha",0.75,-0.63,50497,42514,4.56160491915399e-08,5.17054944587106e-08,5.88283818520484e-08,35972.7189885457
"1273","SF02G",517,518,12,15,0.257776487,0.271552467,3,"Frankliniella occidentalis","Insecta",0.75,-0.62,257776.487,271552.467,1.25906468414198e-07,1.7025359736417e-07,1.63733844105161e-07,181602.886202569
"1282","SF02G",520,521,25,28,0.178416551,0.117344186,3,"Frankliniella occidentalis","Insecta",0.75,-0.62,178416.551,117344.186,2.870792090134e-07,2.66641100831203e-07,3.65096160632538e-07,129487.478236496
"1283","SF02H",522,523,12,15,0.140925099,0.185015481,3,"Frankliniella occidentalis","Insecta",0.75,-0.62,140925.099,185015.481,8.00491690891283e-08,1.27676813274519e-07,1.0409916454228e-07,99281.3775012099
"1292","SF02H",525,526,25,28,0.176125352,0.106579757,3,"Frankliniella occidentalis","Insecta",0.75,-0.62,176125.352,106579.757,2.84309775066342e-07,2.48077259392749e-07,3.61574102366212e-07,127824.619163248
"1303","LMN90A",532,533,18,21,0.355,0.33,3,"Graminella nigrifrons  ","Insecta",0.75,-0.62,355000,330000,2.69225687957292e-07,3.27937214582844e-07,3.46398907345047e-07,253677.332519019
"1307","LMN90A",533,534,21,24,0.33,0.3,3,"Graminella nigrifrons  ","Insecta",0.75,-0.62,330000,3e+05,3.27937214582844e-07,3.90837305481425e-07,4.19798153868947e-07,237418.293352093
"1310","LMN90A",534,535,24,27,0.3,0.28,3,"Graminella nigrifrons  ","Insecta",0.75,-0.62,3e+05,280000,3.90837305481425e-07,4.7274777045172e-07,4.97853892297707e-07,217260.142261912
"1312","LMN90A",535,536,27,30,0.28,0.26,3,"Graminella nigrifrons  ","Insecta",0.75,-0.62,280000,260000,4.7274777045172e-07,5.66913237722922e-07,5.99314948994479e-07,204075.343534877
"1325","A84A",545,546,6,9,13,22,3,"Hyas coarctatus  ","Malacostraca",0.747524706865245,-0.514420148668963,1.3e+07,2.2e+07,0.000107186561377337,0.000199382555794337,0.000134552947451632,9590402.76679852
"1328","A84A",546,547,9,12,22,15,3,"Hyas coarctatus  ","Malacostraca",0.747524706865245,-0.514420148668963,2.2e+07,1.5e+07,0.000199382555794337,0.000187079100935872,0.000249093343116584,16334126.010516
"1330","A84A",547,548,12,15,15,15,3,"Hyas coarctatus  ","Malacostraca",0.747524706865245,-0.514420148668963,1.5e+07,1.5e+07,0.000187079100935872,0.000232641518285885,0.000232641518285885,11206174.6112892
"1332","BTB97B",551,552,12,15,538.405,496.565,3,"Inachis io","Insecta",0.75,-0.62,538405000,496565000,3.88998010490334e-05,4.76088906167629e-05,5.05868684977424e-05,379304967.19778
"1361","AP85C",571,572,5,8,0.044114,0.041148,3,"Macrocyclops albidus  ","Maxillopoda",0.694123205256334,-0.678814887911957,44114,41148,8.39534453830921e-10,1.08218633664807e-09,1.13575275697154e-09,28542.7475246049
"1373","AP85C",574,575,12,15,0.035683,0.033171,3,"Macrocyclops albidus  ","Maxillopoda",0.694123205256334,-0.678814887911957,35683,33171,1.45225358415255e-09,1.84056073983363e-09,1.93622489687094e-09,23577.7793874851
"1382","OC05A",583,584,5,8,2.1755,2.4695,3,"Pandalus borealis  ","Malacostraca",0.747524706865245,-0.514420148668963,2175500,2469500,2.60845238611064e-05,3.60574098752127e-05,3.2797695861756e-05,1601423.01787253
"1383","U91A",585,586,10,13,0.003397,0.003178,3,"Paracalanus sp.  ","Maxillopoda",0.694123205256334,-0.678814887911957,3397,3178,2.33529991048125e-10,2.98489097687168e-10,3.12620567259012e-10,2231.51234534599
"1394","U91A",587,588,15,18,0.002896,0.002703,3,"Paracalanus sp.  ","Maxillopoda",0.694123205256334,-0.678814887911957,2896,2703,3.38767266550283e-10,4.28005986629589e-10,4.48994041026809e-10,1929.96160615013
"1401","U91A",589,590,20,23,0.002275,0.002035,3,"Paracalanus sp.  ","Maxillopoda",0.694123205256334,-0.678814887911957,2275,2035,4.56723012362061e-10,5.54967797267906e-10,5.99618657679072e-10,1536.96006612982
"1405","S86A",594,595,13,16,3.586,3.148,3,"Paralichthys olivaceus  ","Actinoperygii",0.775847996447662,-0.352570593183184,3586000,3148000,0.0750825819820578,0.0787179455086177,0.0870898989842421,2961880.19655799
"1407","S86A",595,596,16,19,3.148,2.837,3,"Paralichthys olivaceus  ","Actinoperygii",0.775847996447662,-0.352570593183184,3148000,2837000,0.0787179455086177,0.0839711128896841,0.0910288682459495,2610341.98825325
"1464","BTB97C",640,641,12,15,368.567,379.868,3,"Polygonia c-album  ","Insecta",0.75,-0.62,368567000,379868000,2.92754043746426e-05,3.89430995908903e-05,3.80709153101202e-05,259654523.72319
"1488","L03A",653,654,3,6,0.007823,0.006505,3,"Pseudocalanus newmani  ","Maxillopoda",0.694123205256334,-0.678814887911957,7823,6505,2.05840077637293e-10,2.46068229022559e-10,2.7968738596325e-10,5029.89317985225
"1504","A81A",662,663,21,24,218.1,253.1,3,"Pterohelaeus alternatus  ","Insecta",0.75,-0.62,218100000,253100000,4.27461492550835e-05,6.11820716560857e-05,5.47200919697917e-05,156911908.42452
"1513","A81A",665,666,30,33,255.9,392.9,3,"Pterohelaeus alternatus  ","Insecta",0.75,-0.62,255900000,392900000,9.96183402302609e-05,0.000173382240046555,0.000125703046260631,187670042.092865
"1514","A81B",667,668,21,24,251.8,195.3,3,"Pterohelaeus darlingensis  ","Insecta",0.75,-0.62,251800000,195300000,4.76098751913476e-05,5.03711367527169e-05,6.09462324569744e-05,181157352.321385
"1523","A81B",670,671,30,33,207.9,169,3,"Pterohelaeus darlingensis  ","Insecta",0.75,-0.62,207900000,1.69e+08,8.52466760911867e-05,9.20890762277265e-05,0.000107568213277662,152468158.464661
"1538","B82A",683,684,15,18,763.3,650.9,3,"Rana sylvatica","Amphibia",0.853191192573381,-0.579619763444325,763300000,650900000,0.0027582006673579,0.00306240752606524,0.00350822626356159,575782910.662243
"1547","B82A",686,687,22,25,515.8,395.7,3,"Rana sylvatica","Amphibia",0.853191192573381,-0.579619763444325,515800000,395700000,0.00343432637182175,0.00344521286661371,0.00431947942765004,394234878.949732
"1553","B82B",689,690,15,18,709,513.9,3,"Rana sylvatica","Amphibia",0.853191192573381,-0.579619763444325,7.09e+08,513900000,0.00258989353469431,0.00250319767920745,0.003294152099146,534822590.933486
"1562","B82B",692,693,22,25,386.7,281.7,3,"Rana sylvatica","Amphibia",0.853191192573381,-0.579619763444325,386700000,281700000,0.00268597046501243,0.00257811795832615,0.00337824449711298,295561511.61276
"1568","B82C",695,696,15,18,671.6,606.1,3,"Rana sylvatica","Amphibia",0.853191192573381,-0.579619763444325,671600000,606100000,0.00247287172850843,0.00288163959429865,0.00314530905856188,506610510.678321
"1577","B82C",698,699,22,25,454.9,323.4,3,"Rana sylvatica","Amphibia",0.853191192573381,-0.579619763444325,454900000,323400000,0.00308522502411502,0.0029003759777034,0.00388040173778441,347687953.536706
"1583","BG82A",701,702,15,18,905,730,3,"Rana sylvatica","Amphibia",0.853191192573381,-0.579619763444325,9.05e+08,7.3e+08,0.00318949685160484,0.00337721906668967,0.00405680295664114,682671995.479274
"1592","BG82A",704,705,22,25,631,504,3,"Rana sylvatica","Amphibia",0.853191192573381,-0.579619763444325,6.31e+08,5.04e+08,0.0040788409011095,0.00423502671975888,0.00513010921313639,482284235.396047
"1598","BG83B",707,708,15,18,819,774,3,"Rana sylvatica","Amphibia",0.853191192573381,-0.579619763444325,8.19e+08,7.74e+08,0.00292902998007681,0.00355014206163214,0.00372550845356291,617799297.566326
"1607","BG83B",710,711,22,25,566,446,3,"Rana sylvatica","Amphibia",0.853191192573381,-0.579619763444325,5.66e+08,4.46e+08,0.00371753538671788,0.00381553454692975,0.00467568189099366,432603608.928942
"1613","BG83C",713,714,15,18,992,837,3,"Rana sylvatica","Amphibia",0.853191192573381,-0.579619763444325,9.92e+08,8.37e+08,0.00344931627533365,0.00379525539082062,0.0043872739542361,748299027.088884
"1622","BG83C",716,717,22,25,692,547,3,"Rana sylvatica","Amphibia",0.853191192573381,-0.579619763444325,6.92e+08,5.47e+08,0.0044129589044113,0.00454143282542496,0.00555034179601234,528907592.542099
"1698","KYO86A",758,759,20,23,0.00477,0.004953,3,"Sinocalanus tenellus  ","Maxillopoda",0.694123205256334,-0.678814887911957,4770,4953,7.63552972601466e-10,1.02898796340688e-09,1.00244698888789e-09,3222.54923755571
"1706","KYO86A",759,761,23,26,0.004953,0.003647,3,"Sinocalanus tenellus  ","Maxillopoda",0.694123205256334,-0.678814887911957,4953,3647,1.02898796340688e-09,1.08640010024079e-09,1.34357333121185e-09,3372.60566995613
"1712","KYO86A",760,762,24,27,0.003822,0.003799,3,"Sinocalanus tenellus  ","Maxillopoda",0.694123205256334,-0.678814887911957,3822,3799,9.40035990520776e-10,1.22011689888048e-09,1.2252395560924e-09,2609.17850596082
"1720","KYO86A",762,763,27,30,0.003799,0.003454,3,"Sinocalanus tenellus  ","Maxillopoda",0.694123205256334,-0.678814887911957,3799,3454,1.22011689888048e-09,1.48081385730551e-09,1.58197768982362e-09,2613.1460742787
"1742","SF02D",781,782,12,15,0.349548962,0.299913727,3,"Thrips major","Insecta",0.75,-0.62,349548.962,299913.727,1.58214607971937e-07,1.83422766920649e-07,2.05748650431649e-07,246256.363825425
"1751","SF02D",784,785,25,28,0.271823511,0.324760018,3,"Thrips major","Insecta",0.75,-0.62,271823.511,324760.018,3.93677550195103e-07,5.72140681236443e-07,5.00663780555236e-07,197278.451844865
"1752","SF02E",786,787,12,15,0.341874149,0.201960941,3,"Thrips major","Insecta",0.75,-0.62,341874.149,201960.941,1.55602031894705e-07,1.36350433103357e-07,2.02351151244115e-07,240849.47738638
"1761","SF02E",789,790,25,28,0.181207077,0.179830515,3,"Thrips major","Insecta",0.75,-0.62,181207.077,179830.515,2.90440216882277e-07,3.67264077965038e-07,3.69370559579784e-07,131512.728543533
"1762","SF02F",791,792,12,15,0.229424616,0.208901847,3,"Thrips major","Insecta",0.75,-0.62,229424.616,208901.847,1.15370713094392e-07,1.39850071409465e-07,1.50032723417793e-07,161629.064451934
"1771","SF02F",794,795,25,28,0.149952837,0.157523452,3,"Thrips major","Insecta",0.75,-0.62,149952.837,157523.452,2.51994696810563e-07,3.32536886694171e-07,3.20477044023772e-07,108829.671959852
"1772","SF02A",796,797,12,15,0.298774805,0.267543903,3,"Thrips tabaci","Insecta",0.75,-0.62,298774.805,267543.903,1.40644756527728e-07,1.68365178998196e-07,1.82900107751116e-07,210486.098030383
"1781","SF02A",799,800,25,28,0.219663807,0.193800637,3,"Thrips tabaci","Insecta",0.75,-0.62,219663.807,193800.637,3.35539973394514e-07,3.88460899343216e-07,4.26726673959043e-07,159423.059513454
"1782","SF02B",801,802,12,15,0.307327514,0.254478313,3,"Thrips tabaci","Insecta",0.75,-0.62,307327.514,254478.313,1.43653644669738e-07,1.62160123115758e-07,1.86812987114494e-07,216511.45999154
"1791","SF02B",804,805,25,28,0.218890472,0.235475235,3,"Thrips tabaci","Insecta",0.75,-0.62,218890.472,235475.235,3.34653621766409e-07,4.49562254396661e-07,4.25599446468402e-07,158861.804414526
"1792","SF02C",806,807,12,15,0.226609859,0.228807109,3,"Thrips tabaci","Insecta",0.75,-0.62,226609.859,228807.109,1.1430748442184e-07,1.49729756378627e-07,1.48650058016146e-07,159646.075230892
"1801","SF02C",809,810,25,28,0.168822937,0.187323196,3,"Thrips tabaci","Insecta",0.75,-0.62,168822.937,187323.196,2.75422220120152e-07,3.78681928600864e-07,3.50271256021413e-07,122524.823274993
"1808","BTB97D",815,816,12,15,709.239,678.527,3,"Vanessa atalanta  ","Insecta",0.75,-0.62,709239000,678527000,4.78310619751566e-05,6.01701830878518e-05,6.22014400329366e-05,499657090.165185
"1829","KMD99A",822,823,14,17,2.02815,2.28676,3,"Zaprionus indianus  ","Insecta",0.75,-0.62,2028150,2286760,7.05124456301209e-07,9.99702996462595e-07,9.13651575659728e-07,1435754.87296844
"1841","KMD99A",825,826,25,28,2.22769,2.07861,3,"Zaprionus indianus  ","Insecta",0.75,-0.62,2227690,2078610,1.90684965545244e-06,2.30229340989961e-06,2.42505714886747e-06,1616766.82334622
"1843","KMD99A",826,827,28,31,2.07861,1.92184,3,"Zaprionus indianus  ","Insecta",0.75,-0.62,2078610,1921840,2.30229340989961e-06,2.74767105164216e-06,2.91411426090569e-06,1518139.93453906
